"Model","RMSE","MAE"
"Seasonal Naive",1260.97520682297,1115.41666666667
"Univariate ARIMA",1335.18246684702,978.238891867648
"ARMAX (Exogenous)",2057.45985477448,1731.30068899812
